[{"@type":"mappingTemplate","id":"@1","name":"Mapping_RESTV2","description":"VC testing","bundleVersion":"0","templateId":"@3","deployTime":1665747611000,"hasParameters":false,"valid":true,"fixedConnection":true,"hasParametersDeployed":false,"fixedConnectionDeployed":true,"tasks":0,"mappingPreviewFileRecordId":"@2","documentType":"MAPPING","references":[{"@type":"reference","refObjectId":"@5c3rNZAuOetbIFB5u2UzcM","refType":"connection"},{"@type":"reference","refObjectId":"@35xG34kd3Bul9HrMq72SM5","refType":"connection"}]}]